{
    "err": 0,
    "msg": "Success",
    "data": {
        "avatar": "https://scontent.fsgn1-1.fna.fbcdn.net/v/t1.0-1/p120x120/69318343_674105089750642_6598109616893067264_o.jpg?_nc_cat=103&_nc_ohc=4AYo33y_HNEAQnG_gc2sKhansEICEb1YvxrS67y0UC6dg5W7cEiD65cpg&_nc_ht=scontent.fsgn1-1.fna&oh=ef4af703277b62d9cf6f49b76a971968&oe=5E7D4E42",
        "userId": 12345,
        "token": "eyJhbGciOiJIUzI1NiIsInR5cCI6IkpXVCJ9.eyJlbWFpbCI6ImR1bmdAZ21haWwuY29tIiwic3ViIjoiZWY1OWY4MzYtNTU0OC00ZWVmLWIyMGYtMDNkMzA2ODliY2Q4IiwiaWF0IjoxNTg0ODYzNjYzLCJleHAiOjE1ODU0Njg0NjN9.rQ9FCtrMpAlKfMGGhF_nrDvMhGP0tS0F4sEORDvZfPw",
        "username": "Nguyễn Xuân Huy",
        "email": "xuanhuy@gmail.com",
        "phone": "07676 07676",
        "date_of_birth": "March 27, 1998",
        "address": "90 Le Vinh Hoa, Phu Tho Hoa ward",
        "account_type": "Gold",
        "interest_topics": []
    },
    "timestamp": 1553605391068
}