{
    "err": 0,
    "msg": "Success",
    "data": {
        "description": {
            "name": "University of Cambridge",
            "content": "The University of Cambridge (legally The Chancellor, Masters, and Scholars of the University of Cambridge) is a collegiate public research university in Cambridge, United Kingdom. Founded in 1209 and granted a royal charter by King Henry...",
            "meta": [{
                    "content": "Ontario, Canada",
                    "type": "location"
                },
                {
                    "content": "2-40,000",
                    "type": "fee"
                },
                {
                    "content": "rank 151",
                    "type": "ranking"
                },
                {
                    "content": "local hosts",
                    "type": "location"
                }
            ],
            "ratings": 2.5,
            "images": [
                "https://i.cbc.ca/1.3773158.1476801429!/fileImage/httpImage/image.JPG_gen/derivatives/16x9_780/university-of-ottawa.JPG",
                "https://www.cjnews.com/wp-content/uploads/2017/11/UOttawa-Tabaret_Hall-2008-05-05.jpg",
                "http://stephenbrown.xyz/wp-content/uploads/canada150-events-universityofottawa-campus-e1565354685451-476x306.jpg",
                "http://hopeco.edu.vn/hinh-anh/ottawa_university_0.jpg"
            ]
        },
        "counselor": [{
                "partnerId": 123,
                "name": "Trung tâm du học sunrise",
                "imageUrl": "http://hopeco.edu.vn/hinh-anh/ottawa_university_0.jpg",
                "rating": 4,
                "descriptions": "Trung tâm du học sunrise, lâu đời,..."
            },
            {
                "partnerId": 124,
                "name": "Trung tâm du học sunshine",
                "imageUrl": "http://hopeco.edu.vn/hinh-anh/ottawa_university_0.jpg",
                "rating": 3,
                "descriptions": "Trung tâm du học sunshine, lâu đời,..."
            },
            {
                "partnerId": 125,
                "name": "Trung tâm du học Sân si",
                "imageUrl": "http://hopeco.edu.vn/hinh-anh/ottawa_university_0.jpg",
                "rating": 4,
                "descriptions": "Trung tâm du học sân s, lâu đời,..."
            }
        ],
        "reviews": [{
                "reviewId": 1,
                "reviewer": "Dũng",
                "content": "Cái này hay thế nhờ ",
                "timestamp": 553605391068,
                "rating": 4
            },
            {
                "reviewId": 2,
                "reviewer": "Toàn",
                "content": "Dưới quan điểm triết học của mình, thì ngôi trường này có quan hệ biện chứng với sinh viên và có quan hệ hữu cơ với mình. Mình thì mới vừa chia tay, nên rate 1 sao nhé",
                "timestamp": 553605391070,
                "rating": 1
            },
            {
                "reviewId": 3,
                "reviewer": "Huy",
                "content": "Với kinh nghiệm làm weibu lâu năm, đây quả là một ngôi trường xuất sắc, 5 sao nhé",
                "timestamp": 553605391070,
                "rating": 5
            },
            {
                "reviewId": 3,
                "reviewer": "Long",
                "content": "Ngôi trường nay nhiều đen quá , 1 sao!!!",
                "timestamp": 553605391070,
                "rating": 1
            }
        ],
        "relating": {}
    },
    "timestamp": 1553605391068
}