{
    "err": 0,
    "msg": "Success",
    "data": [{
            "threadId": 12345,
            "nicknames": "Study Bot",
            "nameThread": "Chat",
            "lastMessage": "Hello there",
            "participantID": 11111,
            "friendImageUrl": "https://scontent.fsgn6-1.fna.fbcdn.net/v/t1.0-1/p120x120/44815404_1778243002301162_361984851638747136_o.jpg?_nc_cat=109&_nc_sid=7206a8&_nc_ohc=_53AwDUgky4AX9iaXJj&_nc_ht=scontent.fsgn6-1.fna&_nc_tp=6&oh=10fad51481e0ab1db46d1944e5e46a7a&oe=5EAA9D48"
        },
        {
            "threadId": 111123123,
            "nicknames": "Dungx",
            "nameThread": "Chat",
            "lastMessage": "Hello there",
            "participantID": 1231223231231,
            "friendImageUrl": "https://scontent.fsgn6-1.fna.fbcdn.net/v/t1.0-1/p120x120/44815404_1778243002301162_361984851638747136_o.jpg?_nc_cat=109&_nc_sid=7206a8&_nc_ohc=_53AwDUgky4AX9iaXJj&_nc_ht=scontent.fsgn6-1.fna&_nc_tp=6&oh=10fad51481e0ab1db46d1944e5e46a7a&oe=5EAA9D48"
        },
        {
            "threadId": 123123412412,
            "nicknames": "Huy",
            "nameThread": "Chat",
            "lastMessage": "Hello there",
            "participantID": 123122323123123,
            "friendImageUrl": "https://scontent.fsgn6-1.fna.fbcdn.net/v/t1.0-1/p120x120/44815404_1778243002301162_361984851638747136_o.jpg?_nc_cat=109&_nc_sid=7206a8&_nc_ohc=_53AwDUgky4AX9iaXJj&_nc_ht=scontent.fsgn6-1.fna&_nc_tp=6&oh=10fad51481e0ab1db46d1944e5e46a7a&oe=5EAA9D48"
        },
        {
            "threadId": 123412341234,
            "nicknames": "Term and Condition",
            "nameThread": "Chat",
            "lastMessage": "Hello there",
            "participantID": 123122323121,
            "friendImageUrl": "https://scontent.fsgn6-1.fna.fbcdn.net/v/t1.0-1/p120x120/44815404_1778243002301162_361984851638747136_o.jpg?_nc_cat=109&_nc_sid=7206a8&_nc_ohc=_53AwDUgky4AX9iaXJj&_nc_ht=scontent.fsgn6-1.fna&_nc_tp=6&oh=10fad51481e0ab1db46d1944e5e46a7a&oe=5EAA9D48"
        },
        {
            "threadId": 223423423423,
            "nicknames": "Report a problem",
            "nameThread": "Chat",
            "lastMessage": "Hello there",
            "participantID": 12312212312,
            "friendImageUrl": "https://scontent.fsgn6-1.fna.fbcdn.net/v/t1.0-1/p120x120/44815404_1778243002301162_361984851638747136_o.jpg?_nc_cat=109&_nc_sid=7206a8&_nc_ohc=_53AwDUgky4AX9iaXJj&_nc_ht=scontent.fsgn6-1.fna&_nc_tp=6&oh=10fad51481e0ab1db46d1944e5e46a7a&oe=5EAA9D48"
        },
        {
            "threadId": 123412341234234,
            "nicknames": "Log out",
            "nameThread": "Chat",
            "lastMessage": "Hello there",
            "participantID": 123122323,
            "friendImageUrl": "https://scontent.fsgn6-1.fna.fbcdn.net/v/t1.0-1/p120x120/44815404_1778243002301162_361984851638747136_o.jpg?_nc_cat=109&_nc_sid=7206a8&_nc_ohc=_53AwDUgky4AX9iaXJj&_nc_ht=scontent.fsgn6-1.fna&_nc_tp=6&oh=10fad51481e0ab1db46d1944e5e46a7a&oe=5EAA9D48"
        }
    ],
    "timestamp": 1553605391068
}